region,per capita,formal wage,child mortality,disabled 18_60,alco (2018),drug (2018),grp,living area,bad conditions,no funds,morbidity (2016),congenital malformation (2016),psychosis (2016),teenage pregnancy (2016),birth rate,population,poverty,the poor: children,the poor: retired,the poor: employable,regional production,retail,income,subsidies,welfare,registered crimes,felonies,misdemeanors,killed,grievous harm,children %,orphanage,adopted %,pension,retired %,living wage
 Ханты-Мансийский автономный округ - Югра,54443.0,79822.0,0.3639893229798592,2.7887189195240856,33.7,6.2,1994630.3,13.9,2.8,5.8128,90676.1,193.3,405.8,18.2,1230.3872510264673,1674676.0,8.4,55.6,1.6,42.9,4139875.290551725,258117,109652.58221365804,18257.02995292224,33491.49327989414,20945,1328,5103,222,435,25.46952365711337,25,89.0,25733.6,15.9,17140.0
 Алтайский край,23864.0,30072.0,0.4855826992390868,5.0935254186652505,88.1,17.4,291156.9,18.0,0.3,0.8642000000000001,112764.7,200.1,1272.1,3.3,862.0924039111788,2317153.0,17.5,31.4,9.2,59.4,367883.9292183123,153605,24442.87439387473,32067.902020419024,20003.12452393088,39024,1529,8887,411,647,21.153070168435143,983,59.0,16128.19,26.8,10904.0
 Смоленская область,28152.0,33139.0,0.595056454073848,5.486198311004719,72.4,7.1,386274.8,19.4,2.8,0.0,72034.9,321.6,262.8,0.0,701.0457926021164,934889.0,15.6,34.7,12.0,53.3,618954.6908777405,186156,32861.279021049566,21241.816509361,17873.56573882033,14766,729,3626,136,166,17.422389182031235,486,47.0,16581.78,28.0,11572.0
 Краснодарский край,36838.0,38499.0,0.3882839537435638,5.30138343981289,18.3,3.9,460720.2,18.1,1.2,0.7852,67335.5,147.5,277.7,5.9,1043.7035786690142,5675462.0,10.4,39.3,6.9,53.8,383176.5223095494,261857,35466.2165974629,16790.044287147022,18495.481072730287,73499,2484,13355,630,998,20.89133889012032,263,96.0,16395.760000000002,25.5,12191.0
 Ивановская область,26277.0,29083.0,0.3702234563004099,4.734704621516941,78.5,5.7,273821.5,18.1,1.5,0.5360000000000001,88473.5,270.4,516.2,0.0,758.4730252172475,997135.0,13.7,47.5,5.0,47.5,440835.2160941096,180314,23157.658432649543,36122.88481594769,16681.693050589944,13748,747,2954,137,166,18.36922783775517,382,62.0,16522.93,28.3,11535.0
 Чукотский автономный округ,89541.0,120641.0,1.48975791433892,3.515586424832944,208.7,0.0,2404271.2,14.1,1.9,0.0,128506.5,255.2,957.0,111.5,1067.8491886732422,50288.0,8.0,46.9,2.7,50.4,5195717.00604518,217089,227144.03170975173,583593.8390787067,69052.25898822781,786,24,167,28,20,25.099427298759142,60,69.0,30144.56,14.5,24711.0
 Еврейская автономная область,28048.0,46237.0,0.6853582554517134,5.846865591835311,87.0,65.4,400340.5,13.8,0.9,0.0,70367.2,656.2,635.7,20.5,1013.8656391143678,158305.0,23.6,34.8,10.8,54.4,353361.00944379525,168066,42277.36688272638,81543.92283478097,46775.52825242412,3692,111,931,40,63,23.202678374024828,336,44.0,17170.7,22.5,16336.0
 Карачаево-Черкесская Республика,18949.0,29865.0,0.4884720593982024,11.507947295046,21.7,5.4,207471.5,18.3,2.6,1.9829,63347.1,86.1,236.4,0.0,1099.3968139403,465528.0,23.2,27.6,6.9,65.5,174293.99950164114,83515,15011.27803996752,54875.86383326029,20560.09520372566,4627,507,812,33,60,22.662868828513,82,95.0,15285.6,22.0,10926.0
 Белгородская область,32841.0,37442.0,0.3805051813471503,7.250935685504578,41.3,3.2,646569.0,17.8,0.7,0.384,74637.4,136.2,388.2,0.0,797.3399623406627,1549151.0,7.2,44.8,12.9,42.3,1257652.623030292,237076,37487.163830949976,22929.91867273752,15479.12372647986,14341,628,3208,159,249,18.764729842345904,219,82.0,17438.93,27.2,10403.0
 Свердловская область,37374.0,43256.0,0.4137209883839876,4.553051352309078,50.2,12.9,588270.0,15.8,0.9,0.7248,75208.5,96.5,436.4,11.4,1020.5116082586486,4310681.0,9.0,46.3,2.2,51.5,1154113.3213847186,259875,42226.08431959126,16138.319836596582,20614.144261660746,58483,4165,9050,587,880,21.743177006138936,1725,68.0,18306.46,25.2,11550.0
 Пермский край,30215.0,41958.0,0.4661365505895256,4.758086131333986,95.3,11.7,541930.2,16.0,1.5,2.3103,94982.5,526.2,661.2,46.4,982.1641544131792,2599260.0,13.3,41.5,3.7,54.8,1153897.710409886,214162,32231.859094084462,20680.06316869032,18448.943160745748,39684,2672,7967,429,633,22.569269715226643,509,84.0,17498.579999999998,24.3,11633.0
 Республика Дагестан,27661.0,31342.0,0.6816324775297811,12.237936952790632,13.6,9.1,239640.7,22.5,0.8,1.2,80693.8,192.0,297.8,0.0,1494.957339743569,3110858.0,14.8,38.3,5.0,56.7,43455.64329840834,188325,12046.133459457164,43277.951579191336,17757.030375542694,13597,877,2289,229,337,28.38560937207677,33,95.0,14351.33,13.9,10775.0
 Новосибирская область,31563.0,41534.0,0.568162134072406,4.612421264274532,33.8,20.6,485981.4,16.3,1.8,1.368,77378.7,125.8,339.4,3.1,1031.5670598998631,2798170.0,13.8,34.1,4.4,61.5,506052.5777704714,197028,39978.19258731599,24358.70938161012,23085.445130210104,54007,1550,11570,366,522,20.96198586933603,670,77.0,17302.84,24.4,12598.0
 Томская область,28857.0,48730.0,0.4527162977867203,4.206624118416469,44.2,7.7,518179.5,16.9,1.9,0.6299999999999999,70726.0,243.0,616.2,0.0,920.9920399973686,1079271.0,14.4,42.2,3.6,54.2,657705.6298186461,162359,39806.182291519,28371.498349246853,21388.0480435405,17387,742,3509,202,300,21.11962611800002,416,63.0,19197.35,22.5,12566.0
 Республика Саха (Якутия),46338.0,77178.0,0.5170950065601605,5.18096597335766,129.0,3.1,1168152.5,16.5,5.2,1.935,104555.1,237.3,484.6,30.9,1333.030177078918,971996.0,17.3,44.2,5.1,50.7,1928404.7421594327,250679,104207.0780950436,124582.30444220964,53167.296984761255,12143,541,2390,281,329,27.175111831735933,510,80.0,23901.82,16.9,18853.0
 Республика Мордовия,20631.0,31105.0,0.3058654192155451,5.645968126055457,64.1,1.9,342811.2,20.0,0.1,0.0,65931.9,147.5,701.3,0.0,703.3689067409772,790197.0,17.6,26.8,12.1,61.2,638826.222068674,127327,29974.19911494223,33856.22520460087,15514.86528043007,8256,582,1723,115,140,16.8859157906193,197,63.0,15800.51,27.6,10079.0
 Нижегородская область,33645.0,37601.0,0.4629629629629629,4.813406075508427,44.4,7.0,497418.6,17.5,0.5,0.1672,91127.3,412.4,330.7,4.2,863.205311609999,3202946.0,9.4,31.7,3.8,64.5,937124.1100162164,237008,38347.02070903787,21167.8735597884,18864.91373878923,42336,3014,8569,429,560,18.95108440791696,805,76.0,17203.47,27.4,11228.0
 Хабаровский край,41740.0,53113.0,0.4221559065434165,3.5367595439250525,128.5,17.3,658239.5,15.4,1.2,0.532,67303.6,153.4,377.2,0.0,1044.2802492773494,1315643.0,12.0,32.7,6.4,60.9,762882.3857231787,277942,58460.56850914724,37343.46709276757,32140.78591228776,22692,953,4304,326,392,21.1457819484465,956,60.0,20407.02,22.3,16510.0
 Псковская область,26436.0,31496.0,0.4004004004004003,5.541244210023924,85.9,4.6,325659.6,15.0,0.1,0.0,70723.5,85.4,406.1,0.0,797.7767662490116,626115.0,16.2,29.6,9.3,61.0,455903.4736430208,200916,31808.678361195634,36569.09067902862,20727.66185125736,9027,1223,2021,110,126,18.60552773851449,165,65.0,16624.63,29.2,12425.0
 Республика Калмыкия,19811.0,32013.0,0.2886002886002886,7.336334581944397,58.1,0.7,344933.1,20.2,0.0,0.0,71872.7,103.7,354.8,0.0,1022.3689306065244,271135.0,22.7,33.8,0.3,65.9,41819.0897523374,86002,21918.88944938868,50558.88617961532,23608.16567392628,2865,86,649,66,78,24.01239235067402,16,87.0,15020.070000000002,22.3,10914.0
 Забайкальский край,27046.0,47172.0,0.5126561999359179,5.422707977286509,77.7,9.6,402594.6,17.1,1.8,1.5903,65922.4,237.5,482.7,21.1,1178.0692648862887,1059700.0,20.9,33.4,7.2,59.3,452082.0568085308,164741,36674.128040804,43161.01238702463,30773.99263942625,22697,674,4047,339,526,25.21647636123432,1362,60.0,16904.54,20.0,13518.0
 Московская область,47046.0,58066.0,0.3109712162008419,3.3416229855093307,37.7,11.0,683845.1,14.8,1.0,0.957,70054.0,90.1,423.5,3.8,1028.584178394544,7690863.0,6.8,49.9,5.7,44.4,916250.2792625484,347566,56156.16322658848,15884.90383584911,22647.41941183974,73941,5058,15811,955,1247,19.813056090064272,762,86.0,18852.1,23.9,14586.0
 Пензенская область,24118.0,32766.0,0.4449963779364586,4.723229911568016,129.8,6.2,379820.4,16.9,0.2,0.0,73083.1,74.4,843.3,3.5,740.1404604756722,1305563.0,13.0,32.7,12.8,54.5,449360.1814696036,171267,26333.78973331812,26662.18185057328,14444.343168426189,13511,593,3240,163,226,17.756094497163293,132,75.0,16055.7,29.4,10396.0
 Магаданская область,70864.0,102843.0,0.30441400304414,3.1590897872550467,127.0,6.2,2035007.0,13.8,0.2,0.0,67012.9,202.9,444.8,0.0,937.5735824015868,140149.0,8.7,30.7,11.5,57.8,3821294.461894127,245817,155105.07180807568,131953.17404519476,46536.900013557,2649,187,685,34,53,20.99979307736766,214,53.0,26112.75,21.2,22027.0
 Воронежская область,32078.0,36317.0,0.365325400553207,6.06689598856468,73.4,22.5,459629.5,19.9,0.9,0.5680000000000001,55009.9,98.4,583.5,4.2,824.4109276075044,2324205.0,8.5,28.5,2.3,69.2,618075.2088563617,252416,33030.1189999247,21279.305490892584,15013.82193050957,29526,1180,7121,308,323,17.64319412444255,205,86.0,16382.35,28.3,9834.0
 Саратовская область,24046.0,33545.0,0.3272005578501314,4.168874784088115,48.6,5.7,358480.4,17.8,2.2,0.4921000000000001,74819.3,475.0,466.6,1.8,769.7691270678539,2421895.0,14.8,39.0,2.5,58.5,470428.5863342548,164665,24845.092921703872,24987.04702274046,17576.360659731323,30561,1452,6593,252,250,18.628883580832365,534,70.0,15919.6,27.3,10409.0
 Брянская область,28596.0,31946.0,0.4324894514767932,5.983552276239098,82.2,6.1,347204.5,24.1,0.1,0.0,77439.0,192.1,411.3,0.0,794.9745532670687,1192491.0,13.6,44.8,3.7,51.6,475411.95715523226,225643,23717.035629493217,38982.05499676728,17335.560603811686,15178,685,2138,173,192,18.96869661909398,343,74.0,16976.79,27.5,11760.0
 Республика Башкортостан,30249.0,38738.0,0.5779504613890237,4.118692520489107,56.4,6.4,425161.0,17.4,0.5,0.9912,84448.9,123.0,376.7,3.7,1019.7736538331528,4038151.0,11.6,40.1,4.5,55.4,764871.8703733466,226691,29034.855192970743,23935.49131780114,16085.480706392604,55878,3401,11766,617,745,22.592939194200515,1036,77.0,17150.31,23.8,10477.0
 Мурманская область,46355.0,69135.0,0.3857429409041815,2.7048031386986424,48.3,6.2,1072337.1,17.7,2.4,1.8483,87319.0,72.3,449.0,20.4,874.1522840448662,741404.0,10.1,43.7,0.4,55.8,2722153.0663174195,242844,74094.52049260592,24251.1406033013,34252.44536042428,12225,543,2968,88,134,20.80727916223813,267,65.0,23236.03,21.7,18438.0
 Новгородская область,26268.0,34169.0,0.4093327875562832,5.974907681368839,55.2,9.4,471333.3,17.6,0.4,0.0,88536.3,133.0,408.0,14.0,819.1004982330496,596508.0,13.6,40.1,1.3,58.6,779095.5266316629,204547,35094.07959978743,31567.684442320977,22129.29248224668,11314,851,2716,105,117,19.735359794001088,131,79.0,17414.26,29.1,12346.0
 Республика Алтай,21677.0,36269.0,0.7445008460236886,7.299891761449332,71.1,9.2,283451.4,14.4,4.8,0.4675999999999998,89433.5,239.8,241.7,0.0,1342.0776542935132,220181.0,23.8,44.5,2.9,52.6,79131.84425540805,135351,30316.96995381073,94542.58207683676,27489.202065573325,4759,117,832,49,85,30.63842929226409,246,48.0,16146.86,18.2,11138.0
 Ярославская область,29514.0,37820.0,0.3779289493575208,4.360689808519296,45.3,7.6,495102.2,15.8,0.5,0.0,89949.9,171.6,434.8,624.4,844.4305798120137,1253389.0,9.9,31.9,2.3,65.8,765187.2599807403,204406,39746.96305652116,19342.72828492192,18859.827236396683,16087,724,3416,198,151,19.342757914741554,485,60.0,17741.61,27.9,11689.0
 Калужская область,32442.0,43994.0,0.3114918233396373,4.968503585230192,58.1,6.0,558174.6,15.5,0.2,0.0,75548.6,149.3,468.4,0.0,896.5912774605391,1002575.0,9.7,31.1,18.4,50.4,1843432.0502705527,214672,45332.61826322219,25924.555061845746,17987.382490088024,17208,1189,3599,147,196,18.70154352542204,228,72.0,17493.37,27.7,11518.0
 Сахалинская область,60770.0,92518.0,0.4471472008585226,3.563044595358948,106.1,18.4,2059206.5,17.2,0.6,0.0,83995.5,214.2,496.0,31.3,1145.0936699320237,488257.0,7.7,44.9,12.1,43.0,3366523.3820713274,338787,105039.96247218164,35631.74207824978,66974.56462477751,8988,311,1797,102,158,21.86328101798848,315,57.0,23008.29,22.7,17178.0
 Волгоградская область,24864.0,35962.0,0.4933123124650359,4.821333238026523,55.6,7.7,394256.5,17.9,1.0,0.3993,64210.5,122.5,505.7,0.0,789.3502944156568,2491036.0,11.9,46.2,4.0,49.8,726017.9741360623,167446,27184.87960294432,21756.52030997545,16542.59512909488,38666,1083,8437,315,388,19.11967550850329,277,90.0,16523.12,27.0,10604.0
 Ставропольский край,23911.0,33877.0,0.5020555171535634,5.765574052716261,23.6,4.0,308476.2,19.0,0.9,0.2916000000000001,59172.3,190.5,246.4,11.2,980.4274759387396,2803573.0,13.8,39.2,1.9,58.9,285388.12458245247,185994,22368.85588438753,26079.121172225583,18795.65825466289,35149,1826,8907,311,452,20.92968508399817,667,77.0,15849.48,24.0,10464.0
 Республика Северная Осетия-Алания,23927.0,30479.0,0.4045605001838911,6.959398608761648,46.3,9.4,267814.4,16.4,2.6,0.0,72233.0,407.2,193.8,0.0,1170.5750412219786,696837.0,13.9,34.8,6.8,58.4,102552.36159962804,163468,20795.070455945937,44913.8224070909,19150.10253473911,8071,422,1635,55,67,23.5098021488526,102,80.0,15999.89,22.8,10433.0
 Кемеровская область,25433.0,43429.0,0.5721889554224884,6.009527247503168,39.7,11.8,392374.9,16.3,1.0,0.5085000000000001,86241.9,409.9,564.9,7.0,848.2407235310893,2657854.0,13.2,39.7,4.5,55.8,1140624.5289696124,153033,36544.9687779088,23607.495148657526,21191.758463783182,51726,2397,10350,537,799,21.669098453112927,1776,67.0,17900.460000000003,25.2,11023.0
 Тамбовская область,27889.0,31063.0,0.3228844342795641,7.044261588038204,45.0,5.1,378455.8,19.7,0.6,1.0404,64949.8,124.6,475.7,4.5,738.3178312745594,1006748.0,10.8,33.5,7.6,58.9,412539.0868221244,198282,23403.13804798222,29485.26675327888,16066.086051325656,13253,745,2251,156,160,16.9300559822319,250,85.0,15623.31,30.3,10998.0
 Курская область,29786.0,35805.0,0.4609812314784327,8.907943720573744,51.3,5.2,487030.7,17.1,0.6,0.7636000000000001,54094.0,139.5,398.4,0.0,825.2657589437757,1104008.0,9.9,34.2,6.5,59.2,686291.1708973123,207134,29935.23162208063,23178.07734676741,19648.68008202839,13903,590,2871,150,165,18.71952014840472,221,66.0,16505.25,28.3,10748.0
 Республика Марий Эл,21264.0,32278.0,0.4667268894911172,6.016031250086945,73.7,2.9,290803.3,16.5,1.8,1.8518,93490.3,203.2,662.5,0.0,977.602856566733,679417.0,19.5,32.8,5.8,61.5,478229.0615925124,134692,25149.21304957044,37489.498060484206,16555.959006030167,7595,346,2046,88,148,21.808550566147154,227,65.0,15818.7,25.3,10568.0
 Иркутская область,27571.0,49885.0,0.6153959538637285,7.072957350413998,81.7,15.7,631591.9,16.3,1.6,1.9608,99980.3,242.2,567.7,6.0,1134.872843806418,2391193.0,17.6,41.5,7.0,51.5,1018671.8788487588,164879,43268.10677989606,28922.77278135224,28970.559883706585,42174,1357,10665,594,960,24.23459754189645,1469,71.0,18809.6,22.2,12745.0
 Рязанская область,27312.0,36459.0,0.5286748649580508,6.838815874077313,51.1,17.2,412845.1,19.0,0.3,0.138,70384.8,298.4,427.7,0.0,784.6889606952087,1108847.0,12.8,37.0,3.3,59.7,707304.785781988,196393,32955.326395895914,22270.609448733685,16692.65462232391,10022,634,1857,167,117,17.74951819322233,288,73.0,16966.14,29.7,11643.0
 Астраханская область,25199.0,38885.0,0.5865640179635231,3.632293082577303,22.2,0.2,526950.9,19.2,0.8,2.9028,64679.9,415.1,624.5,0.0,1084.8275272375126,1005782.0,15.6,42.1,5.5,52.4,720432.2167229082,174527,28098.35807748598,23911.90633542856,21936.46336880159,14019,736,2818,93,169,22.620408796339564,376,66.0,15427.85,23.9,11287.0
 Камчатский край,55373.0,85623.0,0.4320987654320987,3.150733201420324,63.1,9.2,942802.0,15.9,3.0,4.466,77458.3,229.0,513.7,0.0,1035.090857975311,313016.0,14.6,42.6,5.9,51.5,1142524.7217394635,202352,97703.07823430748,213153.4946492831,49985.9432105707,5884,322,1071,84,89,20.95420042425946,264,49.0,25988.5,20.1,22535.0
 Орловская область,26843.0,31862.0,0.5754141238012206,5.552396068679203,90.3,4.4,390170.2,18.8,1.4,0.0,94883.0,315.4,604.7,11.7,781.8698892157852,733498.0,12.9,41.5,8.0,50.5,408869.2948038032,194977,26411.03968170329,29409.081247229027,17699.70742933178,8554,352,1528,107,113,18.353151610502007,322,71.0,17465.36,28.9,11132.0
 Вологодская область,29522.0,42775.0,0.5515049541970461,4.897175571766885,50.1,6.1,544379.2,16.9,1.1,0.7072,91608.4,199.4,524.6,3.3,921.8877241058389,1160445.0,12.8,43.1,2.3,54.6,1339891.4705134667,182920,44902.85518046095,31281.905240713684,25938.67007915068,17314,597,3258,179,305,21.50950712873079,501,71.0,18249.48,26.0,12438.0
 Севастополь,29957.0,36300.0,0.3550295857988165,3.1092652120729385,90.0,25.4,295304.9,13.7,1.2,0.0,52350.6,146.8,367.3,23.4,940.6908344428662,449138.0,11.0,45.2,2.1,52.7,119197.87570857957,141383,28927.473081948086,95253.94596193152,17575.66716688412,6104,419,1045,29,98,19.10838094305091,22,70.0,17141.3,26.1,12201.0
 Владимирская область,25922.0,35240.0,0.6027667984189723,5.425054757288058,66.5,7.8,410443.6,16.1,0.2,0.153,94163.6,210.4,572.7,22.5,744.9853358617685,1358416.0,12.5,34.8,4.8,60.4,855888.0313099964,177680,30071.54223982933,20100.354853336536,17763.336120893746,17367,821,4098,209,228,18.484617377887187,407,74.0,17270.989999999998,28.8,11800.0
 Омская область,27354.0,37828.0,0.5898876404494382,4.79383857078731,29.9,7.7,398641.0,16.9,0.8,0.2718,85381.7,256.1,394.1,10.5,923.876231726844,1926665.0,13.6,38.8,5.1,56.2,969920.1983842546,185769,32772.18307936252,24540.00923622425,21188.478536746137,24491,1277,6183,234,357,21.65327132635928,544,86.0,16454.079999999998,24.8,10956.0
 Ульяновская область,24590.0,32504.0,0.4156195631161801,6.162547233333436,102.6,19.1,360112.2,17.9,1.0,0.3036,87077.9,253.1,372.1,0.0,841.2585865945045,1229824.0,15.0,38.4,3.1,58.5,530425.626626249,165299,34664.26423802918,20363.65463055689,19611.098823896755,12714,776,2639,158,220,18.468821554954204,379,76.0,16253.93,28.6,11088.0
 Самарская область,29893.0,38748.0,0.4645677732909266,4.678649043947486,49.4,12.1,505093.4,16.9,0.8,0.71,97537.6,325.3,446.7,5.6,880.0980773271035,3179532.0,12.3,36.9,9.5,53.6,973509.8581992568,213032,37484.7557649868,20896.021041448865,18777.669166405623,44328,3241,8160,308,382,19.368636642122176,795,72.0,17345.24,26.6,12151.0
 Республика Карелия,32583.0,46501.0,0.4423927678399693,5.344831846598631,78.1,5.1,522245.3,17.1,3.4,4.6805,112365.5,442.3,691.2,31.8,846.6544203861487,614064.0,15.1,39.0,3.0,58.1,799271.7489707913,226569,41437.4223066651,54510.85283553505,29729.963000599284,13444,536,2456,119,142,20.51577685713541,212,78.0,21533.92,26.8,15438.0
 Республика Бурятия,26092.0,41800.0,0.5467511885895404,6.306208545602693,48.9,3.4,307558.8,17.2,3.2,2.112,61456.1,80.3,235.3,3.3,1280.0006491286968,985937.0,19.9,41.7,3.7,54.6,357716.7791045472,199747,27828.670857712,58379.836234445,29904.34480093556,20635,486,4716,263,375,26.98417850227753,311,74.0,16739.91,19.7,12803.0
 Ямало-Ненецкий автономный округ,89928.0,111216.0,0.3525098702763677,2.2517714153184683,94.7,18.9,5072483.6,15.5,1.7,5.0091,118256.9,258.9,693.9,11.3,1302.613308255762,544444.0,4.8,51.0,0.7,48.4,10037067.118307851,263114,270615.6832196884,34439.947893704404,62633.07153720126,7623,432,1723,75,128,26.41116441727708,68,83.0,25796.8,11.8,17403.0
 Калининградская область,29518.0,36647.0,0.3769114796467801,4.1446969198162815,79.1,4.2,530036.9,15.6,1.9,0.0,82758.6,388.8,360.7,0.0,917.124932840302,1012512.0,13.5,29.1,6.1,64.8,1287553.9028278184,183286,43153.16419743173,79177.88846455154,17127.500711102683,13565,671,2707,111,138,19.70682816598717,331,60.0,16862.35,24.8,12943.0
 Липецкая область,32226.0,36790.0,0.3727766535307275,6.661984832184458,68.6,5.7,546151.3,16.5,0.2,0.6077,66621.8,60.0,468.1,3.8,824.0511650726585,1139371.0,8.4,40.0,0.8,59.3,1367916.2060470206,236552,33883.7418431661,20901.26634731795,18041.70897802384,13228,823,2718,155,171,19.06446627130233,228,82.0,16966.73,28.1,10627.0
 Приморский край,37304.0,50105.0,0.5260243632336655,4.139673502738382,64.1,35.5,582950.7,15.7,2.4,1.8796000000000004,72917.4,170.9,661.8,30.6,952.597965681155,1895868.0,13.0,49.6,4.2,46.2,362188.5623788154,230378,46710.44976030503,28295.483612155487,26058.40701989801,32319,1539,7396,380,473,19.863671943405343,1458,66.0,17862.149999999998,24.1,14872.0
 Республика Тыва,18972.0,44104.0,0.5469462169553327,8.35254750334031,88.9,12.7,251799.9,13.6,8.5,6.3744000000000005,60756.5,340.9,389.7,0.0,2010.489243485459,327383.0,31.7,45.0,2.6,52.4,142291.0411963969,76921,20403.745538345,123345.46334592816,40522.87382057102,8546,294,1640,195,379,37.31103936368107,215,74.0,18251.62,11.0,11594.0
 Ленинградская область,33149.0,48286.0,0.3919499510062562,3.8766603868075262,35.3,8.6,661328.6,17.0,3.0,3.8308,66653.9,123.9,457.1,5.2,707.2444175295543,1875872.0,8.7,19.0,17.0,64.1,1383181.256290408,255646,48817.71913583657,11951.739760825898,20279.36874157725,27427,1157,8974,357,355,17.339402688456353,562,66.0,18134.51,26.8,12231.0
 Республика Ингушетия,16877.0,29648.0,0.5553586198747489,15.306659321956095,0.2,2.7,142199.7,27.8,0.0,0.0,60547.7,55.2,106.0,0.0,1669.0299589201295,507061.0,30.0,38.1,10.6,51.3,16871.75862470196,50713,8737.699441862023,60147.182995872296,25981.292191669247,1850,134,397,37,22,31.189541297792573,0,100.0,17076.7,13.0,10580.0
 Курганская область,21860.0,33182.0,0.6191950464396285,6.297484218569767,77.8,22.5,294464.0,16.7,3.2,0.1305,96602.5,288.1,835.3,4.6,898.1268572450995,827166.0,19.3,39.4,2.4,58.2,361819.7023572053,147332,24638.230235490817,39359.60669876422,20027.418921957626,15653,1422,2734,154,183,21.510918001948824,382,67.0,16366.08,28.8,11204.0
 Республика Адыгея,30293.0,32161.0,0.3168854685377999,5.745153473344104,52.5,5.1,309184.1,19.6,3.5,0.0,66252.3,105.9,267.3,0.0,954.0303354869916,463088.0,12.5,44.6,5.4,50.1,263505.6166430571,231447,25278.67316227153,43824.500436893206,16009.268216839992,4111,164,827,41,92,21.89324707183084,42,68.0,15633.62,24.6,10520.0
 Чувашская Республика,21155.0,31844.0,0.2122578933404085,4.385201488203654,79.0,1.2,287210.3,14.2,1.2,1.8768,93394.5,487.8,515.7,3.3,928.46385913166,1217818.0,16.8,22.2,4.2,73.6,415546.2305533339,141564,22015.06173213074,30559.102833181965,16136.729790494144,13047,1097,3418,141,188,21.25966277391203,161,77.0,16111.97,24.9,10414.0
 Удмуртская Республика,25449.0,36380.0,0.4331385355792368,4.945880519769609,56.4,7.7,451490.9,14.8,1.9,1.3152,99088.4,191.0,428.4,7.5,969.0497050211366,1500955.0,11.9,49.9,2.7,47.5,774938.0300675237,160085,28106.911450962885,23786.1059103171,18111.80215262949,28075,1373,6632,254,449,22.681492782928203,609,71.0,17178.510000000002,24.6,10930.0
 Республика Татарстан,35635.0,39761.0,0.4086734939179768,5.110015419439128,48.9,9.3,675621.4,16.2,0.7,2.175,79394.9,155.2,346.1,114.0,1065.8261267041223,3902888.0,6.6,42.0,7.3,50.7,1388744.7766935665,238322,42549.52196367664,21892.958411968262,13074.548898149267,53817,3390,12322,455,613,21.6175560251793,638,79.0,16916.73,24.4,10231.0
 Ненецкий автономный округ,84147.0,92237.0,0.6734006734006733,4.878964941569283,181.8,2.3,5206287.1,20.9,5.9,0.0,138231.7,853.1,903.3,0.0,1346.602888168484,44111.0,9.4,45.6,2.0,52.4,11922452.714742357,226206,230242.7827732312,184944.1688458661,87472.51252522046,732,39,162,14,14,27.165559610981383,20,,27264.59,18.5,22971.0
 Чеченская Республика,24596.0,29771.0,0.6011092291853476,17.854090820888523,4.1,0.6,171029.5,19.2,0.6,0.5539,52150.1,73.6,157.9,0.0,2036.2798787605009,1478726.0,20.4,43.7,6.2,50.1,58824.50190231321,123955,11969.98465343816,72294.9868523648,33844.20102169029,3050,55,717,24,21,37.08949460549149,0,100.0,16165.0,10.3,11572.0
 Республика Хакасия,23837.0,43800.0,0.3917910447761193,4.160524450744154,79.1,17.9,500422.8,17.9,1.0,0.0,86026.5,92.8,331.0,0.0,1003.2530855647605,534262.0,18.5,43.2,2.4,54.3,887348.4346631427,175577,33128.43189616704,36074.96447087759,23153.434082903143,10839,642,1850,129,175,24.14788998656089,86,88.0,17331.95,23.0,12428.0
 Санкт-Петербург,49207.0,68667.0,0.3445228088529735,3.935286300264535,14.7,9.4,971158.0,15.7,0.1,0.4815,101498.4,254.5,403.5,11.8,1027.0163525293513,5398064.0,5.9,25.7,9.8,64.6,1065465.9800624817,283494,76195.77193962132,10021.505932204582,28723.983265111343,61309,5388,17529,366,528,17.544049125760644,1265,53.0,19203.41,26.4,13074.0
 Тульская область,29385.0,40889.0,0.5919348871624122,6.75275601824392,69.0,9.0,486544.2,16.6,0.8,0.0,72165.3,109.1,313.7,16.5,737.4531674268327,1466127.0,10.1,38.8,5.3,56.0,1271668.6764107065,205652,37030.30556116217,19958.24151079681,19379.83544399632,13028,747,3080,183,215,16.695143053773652,477,62.0,18273.1,29.9,11814.0
 Оренбургская область,24719.0,35075.0,0.3674121405750798,5.696993033310663,93.6,3.7,538971.9,19.0,1.8,1.273,79188.8,322.9,677.8,23.5,959.713005950936,1956835.0,14.0,42.8,3.3,53.9,900190.4653074992,169416,29101.61605464947,23720.09452656969,18627.68194559072,27469,2178,5646,284,360,22.29533915736381,959,77.0,16338.86,24.9,10438.0
 Москва,77283.0,100070.0,0.3643016741685826,3.880841829329663,23.1,8.7,1567644.8,13.8,0.5,4.096,64633.3,150.2,276.2,0.0,974.3116445322672,12678079.0,6.0,38.4,13.2,48.5,1543010.9280751443,408674,128074.71844580316,22752.9334536636,41626.81112808967,146448,6923,46511,493,980,17.08819609027519,1324,66.0,19115.1,26.9,20260.0
 Амурская область,35499.0,52430.0,0.5348274544759964,5.766846327083175,113.3,24.4,571362.1,17.3,1.3,1.0731000000000002,83412.0,370.1,446.7,4.4,993.9952711494548,790044.0,15.2,38.4,4.7,56.9,512093.5884583644,245233,65276.81410012606,43050.62192403208,33042.21030727402,18420,560,4967,223,255,22.619246522978468,676,65.0,17998.7,22.4,14331.0
 Республика Крым,22950.0,34181.0,0.5405978376086495,5.839726897649449,57.6,14.6,270363.8,19.0,0.7,0.2299999999999999,52086.6,164.8,286.7,0.0,986.4991618835296,1912622.0,17.2,48.2,1.7,50.1,179171.73804337712,148071,25348.120918362336,85423.89769944087,18328.817717248887,21654,841,3970,221,261,20.115631839432982,280,76.0,16052.48,27.5,11846.0
 Костромская область,25780.0,32220.0,0.777489818585709,6.195035677258035,61.1,8.9,323951.6,14.5,1.5,0.0,71386.8,134.9,446.5,18.9,852.8777915485841,633385.0,12.5,39.9,6.6,53.5,551233.7886119816,179587,29114.63696697901,31184.329868121284,17116.12999992106,9114,452,2564,72,99,20.476013798874305,112,91.0,16552.76,27.7,11993.0
 Архангельская область без Ненецкого АО,34852.0,52779.0,0.3256231753873793,4.6742700350604895,64.7,9.2,514200.4,16.9,1.4,1.2998,99842.1,458.9,685.3,13.8,815.2512211375803,1092424.0,12.3,28.5,7.2,64.3,607920.5473698856,250033,48483.000199153445,38856.66451151751,27147.1516554012,19074,823,4569,166,288,20.708809033854987,785,60.0,21753.88,26.4,14507.0
 Красноярский край,32832.0,54426.0,0.5278592375366569,4.861097545221674,69.1,14.9,951613.7,16.6,1.8,1.2567,78434.8,165.5,565.5,5.5,1011.249871347804,2866255.0,17.0,35.8,4.8,59.4,1794098.1197834804,196888,50422.45275722154,20493.742930398726,31182.919872795686,48141,2567,11081,604,887,22.09028854725068,1868,59.0,19094.34,22.5,13839.0
 Челябинская область,26628.0,39349.0,0.3999759412967641,4.2894635363871405,69.6,20.6,467537.3,16.0,0.8,0.525,88428.4,397.2,667.3,7.0,959.2746761813296,3466369.0,12.6,40.6,6.0,53.4,991573.8365996232,173367,33079.688118616345,20279.124034342567,19797.05565102849,63345,4637,10523,483,779,21.56253416759728,1746,60.0,17496.46,25.2,12056.0
 Тюменская область без округов,31151.0,51501.0,0.3786060896923159,4.150501366608236,61.2,13.2,757076.0,18.1,3.3,5.5188,64208.6,40.8,340.5,37.8,1219.7739583821165,1537416.0,13.6,37.9,7.5,54.7,1186776.8978858031,268215,43789.16499799664,11601.288548701195,29829.271973233008,24733,1495,5401,305,523,23.869271556950103,300,90.0,18490.89,21.3,12376.0
 Кировская область,24192.0,32692.0,0.3766833035125718,5.239483030628026,56.4,4.1,315153.9,14.9,2.5,0.9234,74475.5,107.2,446.1,10.2,841.1742059977726,1262402.0,14.0,40.8,3.4,55.7,484981.7087742256,163224,26872.93275773486,28985.39533933723,18749.33658216638,18911,795,4822,184,301,20.11958155959829,715,59.0,16997.95,28.9,11441.0
 Ростовская область,31427.0,35622.0,0.5481704810195971,7.109478663871849,29.6,10.6,403949.1,18.2,0.8,0.8280000000000001,81083.3,98.4,204.9,8.3,869.1413950237516,4197821.0,13.0,43.9,1.6,54.5,515195.5041198756,232860,29611.592428931584,17090.78626783991,18264.642537163923,61719,2717,12184,460,509,18.926438264042226,398,92.0,16079.4,26.6,11493.0
 Тверская область,27681.0,36077.0,0.4466501240694789,5.227859714354057,41.0,5.0,391722.2,17.5,2.2,1.8876000000000004,86566.6,180.7,729.8,0.0,799.3627313688977,1260379.0,11.4,31.0,3.8,65.1,704410.0229375449,199736,35742.59376915991,20128.20101628161,15994.474677854832,21714,574,5060,221,215,18.71294269422134,450,69.0,17145.64,28.9,12041.0
 Кабардино-Балкарская Республика,21957.0,29899.0,0.5375330064126745,6.181028615606681,51.6,10.0,210674.1,18.9,0.5,0.0,44792.0,150.2,224.4,8.2,1221.1665802959635,868350.0,24.2,35.9,6.7,57.4,115403.30530316116,154476,15302.481452617032,44625.75344839064,22329.93608567974,7348,398,1682,96,128,23.818851845454024,110,67.0,14138.36,20.2,11819.0
 Республика Коми,36677.0,57156.0,0.2375923970432946,5.636761255242919,107.5,10.7,749219.3,15.5,8.8,6.588600000000001,111709.0,298.9,639.0,42.1,923.3698122912028,820473.0,15.3,40.1,6.6,53.3,1329030.0464000644,201675,67651.16898179465,33079.85915597466,32569.0181151604,17201,690,3993,198,288,22.480081611460704,732,61.0,22347.96,22.5,15715.0
